Sport,Discipline,Code,1896,1900,1904,1906,1908,1912,1920,1924,1928,1932,1936,1948,1952,1956,1960,1964,1968,1972,1976,1980,1984,1988,1992,1996,2000,2004,2008,2012,2016,2020,2024,Total,Importance_1896,Importance_1900,Importance_1904,Importance_1906,Importance_1908,Importance_1912,Importance_1920,Importance_1924,Importance_1928,Importance_1932,Importance_1936,Importance_1948,Importance_1952,Importance_1956,Importance_1960,Importance_1964,Importance_1968,Importance_1972,Importance_1976,Importance_1980,Importance_1984,Importance_1988,Importance_1992,Importance_1996,Importance_2000,Importance_2004,Importance_2008,Importance_2012,Importance_2016,Importance_2020,Importance_2024
Aquatics,Artistic Swimming,SWA,0,0,0,0,0,0,0,0,0,0,0,0,0,0,0,0,0,0,0,0,2,2,2,1,2,2,2,2,2,2,2.0,21.0,0.0,0.0,0.0,0.0,0.0,0.0,0.0,0.0,0.0,0.0,0.0,0.0,0.0,0.0,0.0,0.0,0.0,0.0,0.0,0.0,0.09523809523809523,0.09523809523809523,0.09523809523809523,0.047619047619047616,0.09523809523809523,0.09523809523809523,0.09523809523809523,0.09523809523809523,0.09523809523809523,0.09523809523809523,0.09523809523809523
Aquatics,Diving,DIV,0,0,2,1,2,4,5,5,4,4,4,4,4,4,4,4,4,4,4,4,4,4,4,4,8,8,8,8,8,8,8.0,139.0,0.0,0.0,0.014388489208633094,0.007194244604316547,0.014388489208633094,0.02877697841726619,0.03597122302158273,0.03597122302158273,0.02877697841726619,0.02877697841726619,0.02877697841726619,0.02877697841726619,0.02877697841726619,0.02877697841726619,0.02877697841726619,0.02877697841726619,0.02877697841726619,0.02877697841726619,0.02877697841726619,0.02877697841726619,0.02877697841726619,0.02877697841726619,0.02877697841726619,0.02877697841726619,0.05755395683453238,0.05755395683453238,0.05755395683453238,0.05755395683453238,0.05755395683453238,0.05755395683453238,0.05755395683453238
Aquatics,Marathon Swimming,OWS,0,0,0,0,0,0,0,0,0,0,0,0,0,0,0,0,0,0,0,0,0,0,0,0,0,0,2,2,2,2,2.0,10.0,0.0,0.0,0.0,0.0,0.0,0.0,0.0,0.0,0.0,0.0,0.0,0.0,0.0,0.0,0.0,0.0,0.0,0.0,0.0,0.0,0.0,0.0,0.0,0.0,0.0,0.0,0.2,0.2,0.2,0.2,0.2
Aquatics,Swimming,SWM,4,7,9,4,6,9,10,11,11,11,11,11,11,13,15,18,29,29,26,26,29,31,31,32,32,32,32,32,32,35,35.0,624.0,0.00641025641025641,0.011217948717948718,0.014423076923076924,0.00641025641025641,0.009615384615384616,0.014423076923076924,0.016025641025641024,0.017628205128205128,0.017628205128205128,0.017628205128205128,0.017628205128205128,0.017628205128205128,0.017628205128205128,0.020833333333333332,0.02403846153846154,0.028846153846153848,0.046474358974358976,0.046474358974358976,0.041666666666666664,0.041666666666666664,0.046474358974358976,0.049679487179487176,0.049679487179487176,0.05128205128205128,0.05128205128205128,0.05128205128205128,0.05128205128205128,0.05128205128205128,0.05128205128205128,0.05608974358974359,0.05608974358974359
Aquatics,Water Polo,WPO,0,1,1,0,1,1,1,1,1,1,1,1,1,1,1,1,1,1,1,1,1,1,1,1,2,2,2,2,2,2,2.0,36.0,0.0,0.027777777777777776,0.027777777777777776,0.0,0.027777777777777776,0.027777777777777776,0.027777777777777776,0.027777777777777776,0.027777777777777776,0.027777777777777776,0.027777777777777776,0.027777777777777776,0.027777777777777776,0.027777777777777776,0.027777777777777776,0.027777777777777776,0.027777777777777776,0.027777777777777776,0.027777777777777776,0.027777777777777776,0.027777777777777776,0.027777777777777776,0.027777777777777776,0.027777777777777776,0.05555555555555555,0.05555555555555555,0.05555555555555555,0.05555555555555555,0.05555555555555555,0.05555555555555555,0.05555555555555555
Archery,Archery,ARC,0,7,6,0,3,0,10,0,0,0,0,0,0,0,0,0,0,2,2,2,2,4,4,4,4,4,4,4,4,5,5.0,76.0,0.0,0.09210526315789473,0.07894736842105263,0.0,0.039473684210526314,0.0,0.13157894736842105,0.0,0.0,0.0,0.0,0.0,0.0,0.0,0.0,0.0,0.0,0.02631578947368421,0.02631578947368421,0.02631578947368421,0.02631578947368421,0.05263157894736842,0.05263157894736842,0.05263157894736842,0.05263157894736842,0.05263157894736842,0.05263157894736842,0.05263157894736842,0.05263157894736842,0.06578947368421052,0.06578947368421052
Athletics,Athletics,ATH,12,23,25,21,26,30,29,27,27,29,29,33,33,33,34,36,36,38,37,38,41,42,43,44,46,46,47,47,47,48,48.0,1095.0,0.010958904109589041,0.021004566210045664,0.0228310502283105,0.019178082191780823,0.023744292237442923,0.0273972602739726,0.026484018264840183,0.024657534246575342,0.024657534246575342,0.026484018264840183,0.026484018264840183,0.030136986301369864,0.030136986301369864,0.030136986301369864,0.031050228310502283,0.03287671232876712,0.03287671232876712,0.034703196347031964,0.033789954337899546,0.034703196347031964,0.03744292237442922,0.038356164383561646,0.039269406392694065,0.04018264840182648,0.04200913242009133,0.04200913242009133,0.042922374429223746,0.042922374429223746,0.042922374429223746,0.043835616438356165,0.043835616438356165
Badminton,Badminton,BDM,0,0,0,0,0,0,0,0,0,0,0,0,0,0,0,0,0,0,0,0,0,0,4,5,5,5,5,5,5,5,5.0,44.0,0.0,0.0,0.0,0.0,0.0,0.0,0.0,0.0,0.0,0.0,0.0,0.0,0.0,0.0,0.0,0.0,0.0,0.0,0.0,0.0,0.0,0.0,0.09090909090909091,0.11363636363636363,0.11363636363636363,0.11363636363636363,0.11363636363636363,0.11363636363636363,0.11363636363636363,0.11363636363636363,0.11363636363636363
Baseball and Softball,Baseball,BSB,0,0,0,0,0,0,0,0,0,0,0,0,0,0,0,0,0,0,0,0,0,0,1,1,1,1,1,0,0,1,0.0,6.0,0.0,0.0,0.0,0.0,0.0,0.0,0.0,0.0,0.0,0.0,0.0,0.0,0.0,0.0,0.0,0.0,0.0,0.0,0.0,0.0,0.0,0.0,0.16666666666666666,0.16666666666666666,0.16666666666666666,0.16666666666666666,0.16666666666666666,0.0,0.0,0.16666666666666666,0.0
Baseball and Softball,Softball,SBL,0,0,0,0,0,0,0,0,0,0,0,0,0,0,0,0,0,0,0,0,0,0,0,1,1,1,1,0,0,1,0.0,5.0,0.0,0.0,0.0,0.0,0.0,0.0,0.0,0.0,0.0,0.0,0.0,0.0,0.0,0.0,0.0,0.0,0.0,0.0,0.0,0.0,0.0,0.0,0.0,0.2,0.2,0.2,0.2,0.0,0.0,0.2,0.0
Basketball,3x3,BK3,0,0,0,0,0,0,0,0,0,0,0,0,0,0,0,0,0,0,0,0,0,0,0,0,0,0,0,0,0,2,2.0,4.0,0.0,0.0,0.0,0.0,0.0,0.0,0.0,0.0,0.0,0.0,0.0,0.0,0.0,0.0,0.0,0.0,0.0,0.0,0.0,0.0,0.0,0.0,0.0,0.0,0.0,0.0,0.0,0.0,0.0,0.5,0.5
Basketball,Basketball,BKB,0,0,0,0,0,0,0,0,0,0,1,1,1,1,1,1,1,1,2,2,2,2,2,2,2,2,2,2,2,2,2.0,34.0,0.0,0.0,0.0,0.0,0.0,0.0,0.0,0.0,0.0,0.0,0.029411764705882353,0.029411764705882353,0.029411764705882353,0.029411764705882353,0.029411764705882353,0.029411764705882353,0.029411764705882353,0.029411764705882353,0.058823529411764705,0.058823529411764705,0.058823529411764705,0.058823529411764705,0.058823529411764705,0.058823529411764705,0.058823529411764705,0.058823529411764705,0.058823529411764705,0.058823529411764705,0.058823529411764705,0.058823529411764705,0.058823529411764705
Basque Pelota,Basque Pelota,PEL,0,1,0,0,0,0,0,0,0,0,0,0,0,0,0,0,0,0,0,0,0,0,0,0,0,0,0,0,0,0,0.0,1.0,0.0,1.0,0.0,0.0,0.0,0.0,0.0,0.0,0.0,0.0,0.0,0.0,0.0,0.0,0.0,0.0,0.0,0.0,0.0,0.0,0.0,0.0,0.0,0.0,0.0,0.0,0.0,0.0,0.0,0.0,0.0
Boxing,Boxing,BOX,0,0,7,0,5,0,8,8,8,8,8,8,10,10,10,10,11,11,11,11,12,12,12,12,12,11,11,13,13,13,13.0,278.0,0.0,0.0,0.025179856115107913,0.0,0.017985611510791366,0.0,0.02877697841726619,0.02877697841726619,0.02877697841726619,0.02877697841726619,0.02877697841726619,0.02877697841726619,0.03597122302158273,0.03597122302158273,0.03597122302158273,0.03597122302158273,0.039568345323741004,0.039568345323741004,0.039568345323741004,0.039568345323741004,0.04316546762589928,0.04316546762589928,0.04316546762589928,0.04316546762589928,0.04316546762589928,0.039568345323741004,0.039568345323741004,0.046762589928057555,0.046762589928057555,0.046762589928057555,0.046762589928057555
Breaking,Breaking,BKG,0,0,0,0,0,0,0,0,0,0,0,0,0,0,0,0,0,0,0,0,0,0,0,0,0,0,0,0,0,0,2.0,2.0,0.0,0.0,0.0,0.0,0.0,0.0,0.0,0.0,0.0,0.0,0.0,0.0,0.0,0.0,0.0,0.0,0.0,0.0,0.0,0.0,0.0,0.0,0.0,0.0,0.0,0.0,0.0,0.0,0.0,0.0,1.0
Canoeing,Sprint,CSP,0,0,0,0,0,0,0,0,0,0,9,9,9,9,7,7,7,7,11,11,12,12,12,12,12,12,12,12,12,12,10.0,216.0,0.0,0.0,0.0,0.0,0.0,0.0,0.0,0.0,0.0,0.0,0.041666666666666664,0.041666666666666664,0.041666666666666664,0.041666666666666664,0.032407407407407406,0.032407407407407406,0.032407407407407406,0.032407407407407406,0.05092592592592592,0.05092592592592592,0.05555555555555555,0.05555555555555555,0.05555555555555555,0.05555555555555555,0.05555555555555555,0.05555555555555555,0.05555555555555555,0.05555555555555555,0.05555555555555555,0.05555555555555555,0.046296296296296294
Canoeing,Slalom,CSL,0,0,0,0,0,0,0,0,0,0,0,0,0,0,0,0,0,4,0,0,0,0,4,4,4,4,4,4,4,4,6.0,42.0,0.0,0.0,0.0,0.0,0.0,0.0,0.0,0.0,0.0,0.0,0.0,0.0,0.0,0.0,0.0,0.0,0.0,0.09523809523809523,0.0,0.0,0.0,0.0,0.09523809523809523,0.09523809523809523,0.09523809523809523,0.09523809523809523,0.09523809523809523,0.09523809523809523,0.09523809523809523,0.09523809523809523,0.14285714285714285
Cricket,Cricket,CKT,0,1,0,0,0,0,0,0,0,0,0,0,0,0,0,0,0,0,0,0,0,0,0,0,0,0,0,0,0,0,0.0,1.0,0.0,1.0,0.0,0.0,0.0,0.0,0.0,0.0,0.0,0.0,0.0,0.0,0.0,0.0,0.0,0.0,0.0,0.0,0.0,0.0,0.0,0.0,0.0,0.0,0.0,0.0,0.0,0.0,0.0,0.0,0.0
Croquet,Croquet,CQT,0,3,0,0,0,0,0,0,0,0,0,0,0,0,0,0,0,0,0,0,0,0,0,0,0,0,0,0,0,0,0.0,3.0,0.0,1.0,0.0,0.0,0.0,0.0,0.0,0.0,0.0,0.0,0.0,0.0,0.0,0.0,0.0,0.0,0.0,0.0,0.0,0.0,0.0,0.0,0.0,0.0,0.0,0.0,0.0,0.0,0.0,0.0,0.0
Cycling,BMX Freestyle,BMF,0,0,0,0,0,0,0,0,0,0,0,0,0,0,0,0,0,0,0,0,0,0,0,0,0,0,0,0,0,2,2.0,4.0,0.0,0.0,0.0,0.0,0.0,0.0,0.0,0.0,0.0,0.0,0.0,0.0,0.0,0.0,0.0,0.0,0.0,0.0,0.0,0.0,0.0,0.0,0.0,0.0,0.0,0.0,0.0,0.0,0.0,0.5,0.5
Cycling,BMX Racing,BMX,0,0,0,0,0,0,0,0,0,0,0,0,0,0,0,0,0,0,0,0,0,0,0,0,0,0,2,2,2,2,2.0,10.0,0.0,0.0,0.0,0.0,0.0,0.0,0.0,0.0,0.0,0.0,0.0,0.0,0.0,0.0,0.0,0.0,0.0,0.0,0.0,0.0,0.0,0.0,0.0,0.0,0.0,0.0,0.2,0.2,0.2,0.2,0.2
Cycling,Mountain Bike,MTB,0,0,0,0,0,0,0,0,0,0,0,0,0,0,0,0,0,0,0,0,0,0,0,2,2,2,2,2,2,2,2.0,16.0,0.0,0.0,0.0,0.0,0.0,0.0,0.0,0.0,0.0,0.0,0.0,0.0,0.0,0.0,0.0,0.0,0.0,0.0,0.0,0.0,0.0,0.0,0.0,0.125,0.125,0.125,0.125,0.125,0.125,0.125,0.125
Cycling,Road,CRD,1,0,0,1,0,2,2,2,2,2,2,2,2,2,2,2,2,2,2,2,3,3,3,4,4,4,4,4,4,4,4.0,73.0,0.0136986301369863,0.0,0.0,0.0136986301369863,0.0,0.0273972602739726,0.0273972602739726,0.0273972602739726,0.0273972602739726,0.0273972602739726,0.0273972602739726,0.0273972602739726,0.0273972602739726,0.0273972602739726,0.0273972602739726,0.0273972602739726,0.0273972602739726,0.0273972602739726,0.0273972602739726,0.0273972602739726,0.0410958904109589,0.0410958904109589,0.0410958904109589,0.0547945205479452,0.0547945205479452,0.0547945205479452,0.0547945205479452,0.0547945205479452,0.0547945205479452,0.0547945205479452,0.0547945205479452
Cycling,Track,CTR,5,3,7,5,7,0,4,4,4,4,4,4,4,4,4,5,5,5,4,4,5,6,7,8,12,12,10,10,10,12,12.0,190.0,0.02631578947368421,0.015789473684210527,0.03684210526315789,0.02631578947368421,0.03684210526315789,0.0,0.021052631578947368,0.021052631578947368,0.021052631578947368,0.021052631578947368,0.021052631578947368,0.021052631578947368,0.021052631578947368,0.021052631578947368,0.021052631578947368,0.02631578947368421,0.02631578947368421,0.02631578947368421,0.021052631578947368,0.021052631578947368,0.02631578947368421,0.031578947368421054,0.03684210526315789,0.042105263157894736,0.06315789473684211,0.06315789473684211,0.05263157894736842,0.05263157894736842,0.05263157894736842,0.06315789473684211,0.06315789473684211
Equestrian,Dressage,EDR,0,0,0,0,0,1,1,1,2,2,2,2,2,2,1,2,2,2,2,2,2,2,2,2,2,2,2,2,2,2,2.0,48.0,0.0,0.0,0.0,0.0,0.0,0.020833333333333332,0.020833333333333332,0.020833333333333332,0.041666666666666664,0.041666666666666664,0.041666666666666664,0.041666666666666664,0.041666666666666664,0.041666666666666664,0.020833333333333332,0.041666666666666664,0.041666666666666664,0.041666666666666664,0.041666666666666664,0.041666666666666664,0.041666666666666664,0.041666666666666664,0.041666666666666664,0.041666666666666664,0.041666666666666664,0.041666666666666664,0.041666666666666664,0.041666666666666664,0.041666666666666664,0.041666666666666664,0.041666666666666664
Equestrian,Eventing,EVE,0,0,0,0,0,2,2,2,2,2,2,2,2,2,2,2,2,2,2,2,2,2,2,2,2,2,2,2,2,2,2.0,52.0,0.0,0.0,0.0,0.0,0.0,0.038461538461538464,0.038461538461538464,0.038461538461538464,0.038461538461538464,0.038461538461538464,0.038461538461538464,0.038461538461538464,0.038461538461538464,0.038461538461538464,0.038461538461538464,0.038461538461538464,0.038461538461538464,0.038461538461538464,0.038461538461538464,0.038461538461538464,0.038461538461538464,0.038461538461538464,0.038461538461538464,0.038461538461538464,0.038461538461538464,0.038461538461538464,0.038461538461538464,0.038461538461538464,0.038461538461538464,0.038461538461538464,0.038461538461538464
Equestrian,Jumping,EJP,0,3,0,0,0,2,2,2,2,2,2,2,2,2,2,2,2,2,2,2,2,2,2,2,2,2,2,2,2,2,2.0,55.0,0.0,0.05454545454545454,0.0,0.0,0.0,0.03636363636363636,0.03636363636363636,0.03636363636363636,0.03636363636363636,0.03636363636363636,0.03636363636363636,0.03636363636363636,0.03636363636363636,0.03636363636363636,0.03636363636363636,0.03636363636363636,0.03636363636363636,0.03636363636363636,0.03636363636363636,0.03636363636363636,0.03636363636363636,0.03636363636363636,0.03636363636363636,0.03636363636363636,0.03636363636363636,0.03636363636363636,0.03636363636363636,0.03636363636363636,0.03636363636363636,0.03636363636363636,0.03636363636363636
Equestrian,Vaulting,EVL,0,0,0,0,0,0,2,0,0,0,0,0,0,0,0,0,0,0,0,0,0,0,0,0,0,0,0,0,0,0,0.0,2.0,0.0,0.0,0.0,0.0,0.0,0.0,1.0,0.0,0.0,0.0,0.0,0.0,0.0,0.0,0.0,0.0,0.0,0.0,0.0,0.0,0.0,0.0,0.0,0.0,0.0,0.0,0.0,0.0,0.0,0.0,0.0
Equestrian,Driving,EDV,0,2,0,0,0,0,0,0,0,0,0,0,0,0,0,0,0,0,0,0,0,0,0,0,0,0,0,0,0,0,0.0,2.0,0.0,1.0,0.0,0.0,0.0,0.0,0.0,0.0,0.0,0.0,0.0,0.0,0.0,0.0,0.0,0.0,0.0,0.0,0.0,0.0,0.0,0.0,0.0,0.0,0.0,0.0,0.0,0.0,0.0,0.0,0.0
Fencing,Fencing,FEN,3,7,5,8,4,5,6,7,7,7,7,7,7,7,8,8,8,8,8,8,8,8,8,10,10,10,10,10,10,12,12.0,243.0,0.012345679012345678,0.02880658436213992,0.0205761316872428,0.03292181069958848,0.01646090534979424,0.0205761316872428,0.024691358024691357,0.02880658436213992,0.02880658436213992,0.02880658436213992,0.02880658436213992,0.02880658436213992,0.02880658436213992,0.02880658436213992,0.03292181069958848,0.03292181069958848,0.03292181069958848,0.03292181069958848,0.03292181069958848,0.03292181069958848,0.03292181069958848,0.03292181069958848,0.03292181069958848,0.0411522633744856,0.0411522633744856,0.0411522633744856,0.0411522633744856,0.0411522633744856,0.0411522633744856,0.04938271604938271,0.04938271604938271
Field hockey,Field hockey,HOC,0,0,0,0,1,0,1,0,1,1,1,1,1,1,1,1,1,1,1,2,2,2,2,2,2,2,2,2,2,2,2.0,37.0,0.0,0.0,0.0,0.0,0.02702702702702703,0.0,0.02702702702702703,0.0,0.02702702702702703,0.02702702702702703,0.02702702702702703,0.02702702702702703,0.02702702702702703,0.02702702702702703,0.02702702702702703,0.02702702702702703,0.02702702702702703,0.02702702702702703,0.02702702702702703,0.05405405405405406,0.05405405405405406,0.05405405405405406,0.05405405405405406,0.05405405405405406,0.05405405405405406,0.05405405405405406,0.05405405405405406,0.05405405405405406,0.05405405405405406,0.05405405405405406,0.05405405405405406
Flag football,Flag football,AFB,0,0,0,0,0,0,0,0,0,0,0,0,0,0,0,0,0,0,0,0,0,0,0,0,0,0,0,0,0,0,0.0,0.0,,,,,,,,,,,,,,,,,,,,,,,,,,,,,,,
Football,Football,FBL,0,1,1,1,1,1,1,1,1,0,1,1,1,1,1,1,1,1,1,1,1,1,1,2,2,2,2,2,2,2,2.0,37.0,0.0,0.02702702702702703,0.02702702702702703,0.02702702702702703,0.02702702702702703,0.02702702702702703,0.02702702702702703,0.02702702702702703,0.02702702702702703,0.0,0.02702702702702703,0.02702702702702703,0.02702702702702703,0.02702702702702703,0.02702702702702703,0.02702702702702703,0.02702702702702703,0.02702702702702703,0.02702702702702703,0.02702702702702703,0.02702702702702703,0.02702702702702703,0.02702702702702703,0.05405405405405406,0.05405405405405406,0.05405405405405406,0.05405405405405406,0.05405405405405406,0.05405405405405406,0.05405405405405406,0.05405405405405406
Golf,Golf,GLF,0,2,2,0,0,0,0,0,0,0,0,0,0,0,0,0,0,0,0,0,0,0,0,0,0,0,0,0,2,2,2.0,10.0,0.0,0.2,0.2,0.0,0.0,0.0,0.0,0.0,0.0,0.0,0.0,0.0,0.0,0.0,0.0,0.0,0.0,0.0,0.0,0.0,0.0,0.0,0.0,0.0,0.0,0.0,0.0,0.0,0.2,0.2,0.2
Gymnastics,Artistic,GAR,8,1,11,4,2,4,4,9,8,11,9,9,15,15,14,14,14,14,14,14,14,14,14,14,14,14,14,14,14,14,14.0,348.0,0.022988505747126436,0.0028735632183908046,0.031609195402298854,0.011494252873563218,0.005747126436781609,0.011494252873563218,0.011494252873563218,0.02586206896551724,0.022988505747126436,0.031609195402298854,0.02586206896551724,0.02586206896551724,0.04310344827586207,0.04310344827586207,0.040229885057471264,0.040229885057471264,0.040229885057471264,0.040229885057471264,0.040229885057471264,0.040229885057471264,0.040229885057471264,0.040229885057471264,0.040229885057471264,0.040229885057471264,0.040229885057471264,0.040229885057471264,0.040229885057471264,0.040229885057471264,0.040229885057471264,0.040229885057471264,0.040229885057471264
Gymnastics,Rhythmic,GRY,0,0,0,0,0,0,0,0,0,0,0,0,0,0,0,0,0,0,0,0,1,1,1,2,2,2,2,2,2,2,2.0,19.0,0.0,0.0,0.0,0.0,0.0,0.0,0.0,0.0,0.0,0.0,0.0,0.0,0.0,0.0,0.0,0.0,0.0,0.0,0.0,0.0,0.05263157894736842,0.05263157894736842,0.05263157894736842,0.10526315789473684,0.10526315789473684,0.10526315789473684,0.10526315789473684,0.10526315789473684,0.10526315789473684,0.10526315789473684,0.10526315789473684
Gymnastics,Trampoline,GTR,0,0,0,0,0,0,0,0,0,0,0,0,0,0,0,0,0,0,0,0,0,0,0,0,2,2,2,2,2,2,2.0,14.0,0.0,0.0,0.0,0.0,0.0,0.0,0.0,0.0,0.0,0.0,0.0,0.0,0.0,0.0,0.0,0.0,0.0,0.0,0.0,0.0,0.0,0.0,0.0,0.0,0.14285714285714285,0.14285714285714285,0.14285714285714285,0.14285714285714285,0.14285714285714285,0.14285714285714285,0.14285714285714285
Handball,Indoor,HBL,0,0,0,0,0,0,0,0,0,0,0,0,0,0,0,0,0,1,2,2,2,2,2,2,2,2,2,2,2,2,2.0,27.0,0.0,0.0,0.0,0.0,0.0,0.0,0.0,0.0,0.0,0.0,0.0,0.0,0.0,0.0,0.0,0.0,0.0,0.037037037037037035,0.07407407407407407,0.07407407407407407,0.07407407407407407,0.07407407407407407,0.07407407407407407,0.07407407407407407,0.07407407407407407,0.07407407407407407,0.07407407407407407,0.07407407407407407,0.07407407407407407,0.07407407407407407,0.07407407407407407
Handball,Field,HBL,0,0,0,0,0,0,0,0,0,0,1,0,0,0,0,0,0,0,0,0,0,0,0,0,0,0,0,0,0,0,0.0,1.0,0.0,0.0,0.0,0.0,0.0,0.0,0.0,0.0,0.0,0.0,1.0,0.0,0.0,0.0,0.0,0.0,0.0,0.0,0.0,0.0,0.0,0.0,0.0,0.0,0.0,0.0,0.0,0.0,0.0,0.0,0.0
Jeu de Paume,Jeu de Paume,â€?0,0,0,0,1,0,0,0,0,0,0,0,0,0,0,0,0,0,0,0,0,0,0,0,0,0,0,0,0,0,0,,1.0,0.0,0.0,0.0,1.0,0.0,0.0,0.0,0.0,0.0,0.0,0.0,0.0,0.0,0.0,0.0,0.0,0.0,0.0,0.0,0.0,0.0,0.0,0.0,0.0,0.0,0.0,0.0,0.0,0.0,0.0,
Judo,Judo,JUD,0,0,0,0,0,0,0,0,0,0,0,0,0,0,0,4,0,6,6,8,8,7,14,14,14,14,14,14,14,15,15.0,167.0,0.0,0.0,0.0,0.0,0.0,0.0,0.0,0.0,0.0,0.0,0.0,0.0,0.0,0.0,0.0,0.023952095808383235,0.0,0.03592814371257485,0.03592814371257485,0.04790419161676647,0.04790419161676647,0.041916167664670656,0.08383233532934131,0.08383233532934131,0.08383233532934131,0.08383233532934131,0.08383233532934131,0.08383233532934131,0.08383233532934131,0.08982035928143713,0.08982035928143713
Karate,Karate,KTE,0,0,0,0,0,0,0,0,0,0,0,0,0,0,0,0,0,0,0,0,0,0,0,0,0,0,0,0,0,8,0.0,8.0,0.0,0.0,0.0,0.0,0.0,0.0,0.0,0.0,0.0,0.0,0.0,0.0,0.0,0.0,0.0,0.0,0.0,0.0,0.0,0.0,0.0,0.0,0.0,0.0,0.0,0.0,0.0,0.0,0.0,1.0,0.0
Lacrosse,Sixes,LAX,0,0,0,0,0,0,0,0,0,0,0,0,0,0,0,0,0,0,0,0,0,0,0,0,0,0,0,0,0,0,0.0,0.0,,,,,,,,,,,,,,,,,,,,,,,,,,,,,,,
Lacrosse,Field,LAX,0,0,1,0,1,0,0,0,0,0,0,0,0,0,0,0,0,0,0,0,0,0,0,0,0,0,0,0,0,0,0.0,2.0,0.0,0.0,0.5,0.0,0.5,0.0,0.0,0.0,0.0,0.0,0.0,0.0,0.0,0.0,0.0,0.0,0.0,0.0,0.0,0.0,0.0,0.0,0.0,0.0,0.0,0.0,0.0,0.0,0.0,0.0,0.0
Modern Pentathlon,,MPN,0,0,0,0,0,1,1,1,1,1,1,1,2,2,2,2,2,2,2,2,2,2,2,1,2,2,2,2,2,2,2.0,44.0,0.0,0.0,0.0,0.0,0.0,0.022727272727272728,0.022727272727272728,0.022727272727272728,0.022727272727272728,0.022727272727272728,0.022727272727272728,0.022727272727272728,0.045454545454545456,0.045454545454545456,0.045454545454545456,0.045454545454545456,0.045454545454545456,0.045454545454545456,0.045454545454545456,0.045454545454545456,0.045454545454545456,0.045454545454545456,0.045454545454545456,0.022727272727272728,0.045454545454545456,0.045454545454545456,0.045454545454545456,0.045454545454545456,0.045454545454545456,0.045454545454545456,0.045454545454545456
Polo,Polo,POL,0,1,0,0,1,0,1,1,0,0,1,0,0,0,0,0,0,0,0,0,0,0,0,0,0,0,0,0,0,0,0.0,5.0,0.0,0.2,0.0,0.0,0.2,0.0,0.2,0.2,0.0,0.0,0.2,0.0,0.0,0.0,0.0,0.0,0.0,0.0,0.0,0.0,0.0,0.0,0.0,0.0,0.0,0.0,0.0,0.0,0.0,0.0,0.0
Rackets,Rackets,RQT,0,0,0,0,2,0,0,0,0,0,0,0,0,0,0,0,0,0,0,0,0,0,0,0,0,0,0,0,0,0,0.0,2.0,0.0,0.0,0.0,0.0,1.0,0.0,0.0,0.0,0.0,0.0,0.0,0.0,0.0,0.0,0.0,0.0,0.0,0.0,0.0,0.0,0.0,0.0,0.0,0.0,0.0,0.0,0.0,0.0,0.0,0.0,0.0
Roque,Roque,â€?0,0,1,0,0,0,0,0,0,0,0,0,0,0,0,0,0,0,0,0,0,0,0,0,0,0,0,0,0,0,0,,1.0,0.0,1.0,0.0,0.0,0.0,0.0,0.0,0.0,0.0,0.0,0.0,0.0,0.0,0.0,0.0,0.0,0.0,0.0,0.0,0.0,0.0,0.0,0.0,0.0,0.0,0.0,0.0,0.0,0.0,0.0,
Rowing,Coastal,ROC,0,0,0,0,0,0,0,0,0,0,0,0,0,0,0,0,0,0,0,0,0,0,0,0,0,0,0,0,0,0,0.0,0.0,,,,,,,,,,,,,,,,,,,,,,,,,,,,,,,
Rowing,Rowing,ROW,0,5,5,6,4,4,5,7,7,7,7,7,7,7,7,7,7,7,14,14,14,14,14,14,14,14,14,14,14,14,14.0,288.0,0.0,0.017361111111111112,0.017361111111111112,0.020833333333333332,0.013888888888888888,0.013888888888888888,0.017361111111111112,0.024305555555555556,0.024305555555555556,0.024305555555555556,0.024305555555555556,0.024305555555555556,0.024305555555555556,0.024305555555555556,0.024305555555555556,0.024305555555555556,0.024305555555555556,0.024305555555555556,0.04861111111111111,0.04861111111111111,0.04861111111111111,0.04861111111111111,0.04861111111111111,0.04861111111111111,0.04861111111111111,0.04861111111111111,0.04861111111111111,0.04861111111111111,0.04861111111111111,0.04861111111111111,0.04861111111111111
Rugby,Sevens,RU7,0,0,0,0,0,0,0,0,0,0,0,0,0,0,0,0,0,0,0,0,0,0,0,0,0,0,0,0,2,2,2.0,6.0,0.0,0.0,0.0,0.0,0.0,0.0,0.0,0.0,0.0,0.0,0.0,0.0,0.0,0.0,0.0,0.0,0.0,0.0,0.0,0.0,0.0,0.0,0.0,0.0,0.0,0.0,0.0,0.0,0.3333333333333333,0.3333333333333333,0.3333333333333333
Rugby,Union,RUG,0,1,0,0,1,0,1,1,0,0,0,0,0,0,0,0,0,0,0,0,0,0,0,0,0,0,0,0,0,0,0.0,4.0,0.0,0.25,0.0,0.0,0.25,0.0,0.25,0.25,0.0,0.0,0.0,0.0,0.0,0.0,0.0,0.0,0.0,0.0,0.0,0.0,0.0,0.0,0.0,0.0,0.0,0.0,0.0,0.0,0.0,0.0,0.0
Sailing,Sailing,SAL,0,13,0,0,4,4,14,3,3,4,4,5,5,5,5,5,5,6,6,6,7,8,10,10,11,11,11,10,10,10,10.0,205.0,0.0,0.06341463414634146,0.0,0.0,0.01951219512195122,0.01951219512195122,0.06829268292682927,0.014634146341463415,0.014634146341463415,0.01951219512195122,0.01951219512195122,0.024390243902439025,0.024390243902439025,0.024390243902439025,0.024390243902439025,0.024390243902439025,0.024390243902439025,0.02926829268292683,0.02926829268292683,0.02926829268292683,0.03414634146341464,0.03902439024390244,0.04878048780487805,0.04878048780487805,0.05365853658536585,0.05365853658536585,0.05365853658536585,0.04878048780487805,0.04878048780487805,0.04878048780487805,0.04878048780487805
Shooting,Shooting,SHO,5,8,0,16,15,18,21,10,0,2,3,4,7,7,6,6,7,8,7,7,11,13,13,15,17,17,15,15,15,15,15.0,318.0,0.015723270440251572,0.025157232704402517,0.0,0.050314465408805034,0.04716981132075472,0.05660377358490566,0.0660377358490566,0.031446540880503145,0.0,0.006289308176100629,0.009433962264150943,0.012578616352201259,0.0220125786163522,0.0220125786163522,0.018867924528301886,0.018867924528301886,0.0220125786163522,0.025157232704402517,0.0220125786163522,0.0220125786163522,0.03459119496855346,0.040880503144654086,0.040880503144654086,0.04716981132075472,0.05345911949685535,0.05345911949685535,0.04716981132075472,0.04716981132075472,0.04716981132075472,0.04716981132075472,0.04716981132075472
Skateboarding,Skateboarding,SKB,0,0,0,0,0,0,0,0,0,0,0,0,0,0,0,0,0,0,0,0,0,0,0,0,0,0,0,0,0,4,4.0,8.0,0.0,0.0,0.0,0.0,0.0,0.0,0.0,0.0,0.0,0.0,0.0,0.0,0.0,0.0,0.0,0.0,0.0,0.0,0.0,0.0,0.0,0.0,0.0,0.0,0.0,0.0,0.0,0.0,0.0,0.5,0.5
Sport Climbing,Sport Climbing,CLB,0,0,0,0,0,0,0,0,0,0,0,0,0,0,0,0,0,0,0,0,0,0,0,0,0,0,0,0,0,2,4.0,6.0,0.0,0.0,0.0,0.0,0.0,0.0,0.0,0.0,0.0,0.0,0.0,0.0,0.0,0.0,0.0,0.0,0.0,0.0,0.0,0.0,0.0,0.0,0.0,0.0,0.0,0.0,0.0,0.0,0.0,0.3333333333333333,0.6666666666666666
Squash,Squash,SQU,0,0,0,0,0,0,0,0,0,0,0,0,0,0,0,0,0,0,0,0,0,0,0,0,0,0,0,0,0,0,0.0,0.0,,,,,,,,,,,,,,,,,,,,,,,,,,,,,,,
Surfing,Surfing,SRF,0,0,0,0,0,0,0,0,0,0,0,0,0,0,0,0,0,0,0,0,0,0,0,0,0,0,0,0,0,2,2.0,4.0,0.0,0.0,0.0,0.0,0.0,0.0,0.0,0.0,0.0,0.0,0.0,0.0,0.0,0.0,0.0,0.0,0.0,0.0,0.0,0.0,0.0,0.0,0.0,0.0,0.0,0.0,0.0,0.0,0.0,0.5,0.5
Table Tennis,Table Tennis,TTE,0,0,0,0,0,0,0,0,0,0,0,0,0,0,0,0,0,0,0,0,0,4,4,4,4,4,4,4,4,5,5.0,42.0,0.0,0.0,0.0,0.0,0.0,0.0,0.0,0.0,0.0,0.0,0.0,0.0,0.0,0.0,0.0,0.0,0.0,0.0,0.0,0.0,0.0,0.09523809523809523,0.09523809523809523,0.09523809523809523,0.09523809523809523,0.09523809523809523,0.09523809523809523,0.09523809523809523,0.09523809523809523,0.11904761904761904,0.11904761904761904
Taekwondo,Taekwondo,TKW,0,0,0,0,0,0,0,0,0,0,0,0,0,0,0,0,0,0,0,0,0,0,0,0,8,8,8,8,8,8,8.0,56.0,0.0,0.0,0.0,0.0,0.0,0.0,0.0,0.0,0.0,0.0,0.0,0.0,0.0,0.0,0.0,0.0,0.0,0.0,0.0,0.0,0.0,0.0,0.0,0.0,0.14285714285714285,0.14285714285714285,0.14285714285714285,0.14285714285714285,0.14285714285714285,0.14285714285714285,0.14285714285714285
Tennis,Tennis,TEN,2,4,2,4,6,8,5,5,0,0,0,0,0,0,0,0,0,0,0,0,0,4,4,4,4,4,4,5,5,5,5.0,80.0,0.025,0.05,0.025,0.05,0.075,0.1,0.0625,0.0625,0.0,0.0,0.0,0.0,0.0,0.0,0.0,0.0,0.0,0.0,0.0,0.0,0.0,0.05,0.05,0.05,0.05,0.05,0.05,0.0625,0.0625,0.0625,0.0625
Triathlon,Triathlon,TRI,0,0,0,0,0,0,0,0,0,0,0,0,0,0,0,0,0,0,0,0,0,0,0,0,2,2,2,2,2,3,3.0,16.0,0.0,0.0,0.0,0.0,0.0,0.0,0.0,0.0,0.0,0.0,0.0,0.0,0.0,0.0,0.0,0.0,0.0,0.0,0.0,0.0,0.0,0.0,0.0,0.0,0.125,0.125,0.125,0.125,0.125,0.1875,0.1875
Tug of War,Tug of War,TOW,0,1,1,1,1,1,1,0,0,0,0,0,0,0,0,0,0,0,0,0,0,0,0,0,0,0,0,0,0,0,0.0,6.0,0.0,0.16666666666666666,0.16666666666666666,0.16666666666666666,0.16666666666666666,0.16666666666666666,0.16666666666666666,0.0,0.0,0.0,0.0,0.0,0.0,0.0,0.0,0.0,0.0,0.0,0.0,0.0,0.0,0.0,0.0,0.0,0.0,0.0,0.0,0.0,0.0,0.0,0.0
Volleyball,Beach,VBV,0,0,0,0,0,0,0,0,0,0,0,0,0,0,0,0,0,0,0,0,0,0,0,2,2,2,2,2,2,2,2.0,16.0,0.0,0.0,0.0,0.0,0.0,0.0,0.0,0.0,0.0,0.0,0.0,0.0,0.0,0.0,0.0,0.0,0.0,0.0,0.0,0.0,0.0,0.0,0.0,0.125,0.125,0.125,0.125,0.125,0.125,0.125,0.125
Volleyball,Indoor,VVO,0,0,0,0,0,0,0,0,0,0,0,0,0,0,0,2,2,2,2,2,2,2,2,2,2,2,2,2,2,2,2.0,32.0,0.0,0.0,0.0,0.0,0.0,0.0,0.0,0.0,0.0,0.0,0.0,0.0,0.0,0.0,0.0,0.0625,0.0625,0.0625,0.0625,0.0625,0.0625,0.0625,0.0625,0.0625,0.0625,0.0625,0.0625,0.0625,0.0625,0.0625,0.0625
Water Motorsports,,PBT,0,0,0,0,3,0,0,0,0,0,0,0,0,0,0,0,0,0,0,0,0,0,0,0,0,0,0,0,0,0,0.0,3.0,0.0,0.0,0.0,0.0,1.0,0.0,0.0,0.0,0.0,0.0,0.0,0.0,0.0,0.0,0.0,0.0,0.0,0.0,0.0,0.0,0.0,0.0,0.0,0.0,0.0,0.0,0.0,0.0,0.0,0.0,0.0
Weightlifting,Weightlifting,WLF,2,2,2,0,0,0,5,5,5,5,5,6,7,7,7,7,7,9,9,10,10,10,10,10,15,15,15,15,15,14,10.0,239.0,0.008368200836820083,0.008368200836820083,0.008368200836820083,0.0,0.0,0.0,0.02092050209205021,0.02092050209205021,0.02092050209205021,0.02092050209205021,0.02092050209205021,0.02510460251046025,0.029288702928870293,0.029288702928870293,0.029288702928870293,0.029288702928870293,0.029288702928870293,0.03765690376569038,0.03765690376569038,0.04184100418410042,0.04184100418410042,0.04184100418410042,0.04184100418410042,0.04184100418410042,0.06276150627615062,0.06276150627615062,0.06276150627615062,0.06276150627615062,0.06276150627615062,0.058577405857740586,0.04184100418410042
Wrestling,Freestyle,WRF,0,0,7,0,5,0,5,7,7,7,7,8,8,8,8,8,8,10,10,10,10,10,10,10,8,11,11,11,12,12,12.0,240.0,0.0,0.0,0.029166666666666667,0.0,0.020833333333333332,0.0,0.020833333333333332,0.029166666666666667,0.029166666666666667,0.029166666666666667,0.029166666666666667,0.03333333333333333,0.03333333333333333,0.03333333333333333,0.03333333333333333,0.03333333333333333,0.03333333333333333,0.041666666666666664,0.041666666666666664,0.041666666666666664,0.041666666666666664,0.041666666666666664,0.041666666666666664,0.041666666666666664,0.03333333333333333,0.04583333333333333,0.04583333333333333,0.04583333333333333,0.05,0.05,0.05
Wrestling,Greco-Roman,WRG,1,0,0,4,4,5,5,6,6,7,7,8,8,8,8,8,8,10,10,10,10,10,10,10,8,7,7,7,6,6,6.0,210.0,0.004761904761904762,0.0,0.0,0.01904761904761905,0.01904761904761905,0.023809523809523808,0.023809523809523808,0.02857142857142857,0.02857142857142857,0.03333333333333333,0.03333333333333333,0.0380952380952381,0.0380952380952381,0.0380952380952381,0.0380952380952381,0.0380952380952381,0.0380952380952381,0.047619047619047616,0.047619047619047616,0.047619047619047616,0.047619047619047616,0.047619047619047616,0.047619047619047616,0.047619047619047616,0.0380952380952381,0.03333333333333333,0.03333333333333333,0.03333333333333333,0.02857142857142857,0.02857142857142857,0.02857142857142857
Skating,Figure,FSK,0,0,0,0,4,0,3,0,0,0,0,0,0,0,0,0,0,0,0,0,0,0,0,0,0,0,0,0,0,0,0.0,7.0,0.0,0.0,0.0,0.0,0.5714285714285714,0.0,0.42857142857142855,0.0,0.0,0.0,0.0,0.0,0.0,0.0,0.0,0.0,0.0,0.0,0.0,0.0,0.0,0.0,0.0,0.0,0.0,0.0,0.0,0.0,0.0,0.0,0.0
Ice Hockey,Ice Hockey,IHO,0,0,0,0,0,0,1,0,0,0,0,0,0,0,0,0,0,0,0,0,0,0,0,0,0,0,0,0,0,0,0.0,1.0,0.0,0.0,0.0,0.0,0.0,0.0,1.0,0.0,0.0,0.0,0.0,0.0,0.0,0.0,0.0,0.0,0.0,0.0,0.0,0.0,0.0,0.0,0.0,0.0,0.0,0.0,0.0,0.0,0.0,0.0,0.0
Total events,Total events,Total events,43,97,95,76,110,102,156,126,109,117,129,136,149,151,150,163,172,195,198,203,221,237,257,271,300,301,302,302,306,339,329.0,5842.0,0.007360492981855529,0.016603902773022938,0.01626155426223896,0.013009243409791168,0.018829168093118794,0.017459774049982883,0.02670318384115029,0.02156795617939062,0.018657993837726806,0.020027387880862717,0.02208147894556659,0.02327969873331051,0.025504964053406368,0.025847312564190345,0.025676138308798356,0.027901403628894213,0.029441971927422116,0.033378979801437864,0.03389250256761383,0.03474837384457378,0.03782951044162958,0.040568298527901406,0.04399178363574118,0.046388223211229034,0.05135227661759671,0.0515234508729887,0.05169462512838069,0.05169462512838069,0.05237932214994865,0.05802807257788429,0.0563163300239644
Total disciplines,Total disciplines,Total disciplines,10,22,18,13,25,18,29,23,20,20,25,23,23,23,23,25,24,28,27,27,29,31,34,37,40,40,42,40,42,50,48.0,879.0,0.011376564277588168,0.02502844141069397,0.020477815699658702,0.01478953356086462,0.02844141069397042,0.020477815699658702,0.03299203640500569,0.026166097838452786,0.022753128555176336,0.022753128555176336,0.02844141069397042,0.026166097838452786,0.026166097838452786,0.026166097838452786,0.026166097838452786,0.02844141069397042,0.027303754266211604,0.03185437997724687,0.030716723549488054,0.030716723549488054,0.03299203640500569,0.03526734926052332,0.038680318543799774,0.04209328782707622,0.04550625711035267,0.04550625711035267,0.04778156996587031,0.04550625711035267,0.04778156996587031,0.05688282138794084,0.05460750853242321
Total sports,Total sports,Total sports,11,20,16,11,22,14,22,17,14,14,19,17,17,17,17,19,18,21,21,21,21,23,25,25,27,27,27,26,28,33,32.0,642.0,0.017133956386292833,0.03115264797507788,0.024922118380062305,0.017133956386292833,0.03426791277258567,0.021806853582554516,0.03426791277258567,0.0264797507788162,0.021806853582554516,0.021806853582554516,0.029595015576323987,0.0264797507788162,0.0264797507788162,0.0264797507788162,0.0264797507788162,0.029595015576323987,0.028037383177570093,0.03271028037383177,0.03271028037383177,0.03271028037383177,0.03271028037383177,0.03582554517133956,0.03894080996884735,0.03894080996884735,0.04205607476635514,0.04205607476635514,0.04205607476635514,0.040498442367601244,0.04361370716510903,0.0514018691588785,0.04984423676012461
